pair,GeneID,SNPs_covered,unique,forward_primer,reverse_primer,Alignment_Plot_Link_TPH,Alignment_Plot_Link,Primer_Denaturation_Plot_Link,passedAllTests,Product_bp,Start_Pos,End_Pos,Fwd_Eff,Rev_Eff,deltaEff
8,CTYZ_00001005,9,7,GCAGAAAGTTCAATAATCAGGAA,GCTCTTTCTATTCTTTGTAATTGGA,https://raw.githubusercontent.com/tlobnow/gap/main/results/primerDesign/figures/visAlignTPH/TPH_%20CTYZ_00001005_8.png,https://raw.githubusercontent.com/tlobnow/gap/main/results/primerDesign/figures/visAlign/CTYZ_00001005_8.png,https://raw.githubusercontent.com/tlobnow/gap/main/results/primerDesign/figures/CTYZ_00001005_8.png,T,297,896116,895820,0.87,0.94,0.07
6,CTYZ_00000998,8,3,TTCCTTCACACTTGGGAATA,TGAACATGAACTCCGCAC,https://raw.githubusercontent.com/tlobnow/gap/main/results/primerDesign/figures/visAlignTPH/TPH_%20CTYZ_00000998_6.png,https://raw.githubusercontent.com/tlobnow/gap/main/results/primerDesign/figures/visAlign/CTYZ_00000998_6.png,https://raw.githubusercontent.com/tlobnow/gap/main/results/primerDesign/figures/CTYZ_00000998_6.png,T,283,886899,887181,0.85,0.86,0.01
10,CTYZ_00001002,8,3,AGTAAAGTTCATAAATCAAAACCTG,TGATCTGCTAAAAGAACGTCT,https://raw.githubusercontent.com/tlobnow/gap/main/results/primerDesign/figures/visAlignTPH/TPH_%20CTYZ_00001002_3.png,https://raw.githubusercontent.com/tlobnow/gap/main/results/primerDesign/figures/visAlign/CTYZ_00001002_10.png,https://raw.githubusercontent.com/tlobnow/gap/main/results/primerDesign/figures/CTYZ_00001002_10.png,T,312,892463,892774,0.75,0.84,0.09
2,CTYZ_00002543,6,0,TTCCAAAAGAGTAGTATTTCCAAA,CAGTTGATTCCATTATTGACTGT,https://raw.githubusercontent.com/tlobnow/gap/main/results/primerDesign/figures/visAlignTPH/TPH_%20CTYZ_00002543_2.png,https://raw.githubusercontent.com/tlobnow/gap/main/results/primerDesign/figures/visAlign/CTYZ_00002543_2.png,https://raw.githubusercontent.com/tlobnow/gap/main/results/primerDesign/figures/CTYZ_00002543_2.png,T,323,595832,595510,0.77,0.84,0.07
2,CTYZ_00001064,5,3,TTTTATTTATTTTGGAAGTCTTGCTA,CCCAATACAACCTCCTGTC,https://raw.githubusercontent.com/tlobnow/gap/main/results/primerDesign/figures/visAlignTPH/TPH_%20CTYZ_00001064_2.png,https://raw.githubusercontent.com/tlobnow/gap/main/results/primerDesign/figures/visAlign/CTYZ_00001064_2.png,https://raw.githubusercontent.com/tlobnow/gap/main/results/primerDesign/figures/CTYZ_00001064_2.png,T,292,1013600,1013309,0.86,0.85,0.01
4,CTYZ_00000245,3,1,AGCATCATCAAAACAACTATTATC,CAATAAAATGAATGTATCTCATACCG,https://raw.githubusercontent.com/tlobnow/gap/main/results/primerDesign/figures/visAlignTPH/TPH_%20CTYZ_00000245_10.png,https://raw.githubusercontent.com/tlobnow/gap/main/results/primerDesign/figures/visAlign/CTYZ_00000245_4.png,https://raw.githubusercontent.com/tlobnow/gap/main/results/primerDesign/figures/CTYZ_00000245_4.png,T,252,580549,580298,0.76,0.81,0.05
3,CTYZ_00002204,3,0,CCTATGGCATTGGTAAAAGAAG,GATGGAATAATTTGAAGAATTTCCTT,https://raw.githubusercontent.com/tlobnow/gap/main/results/primerDesign/figures/visAlignTPH/TPH_%20CTYZ_00002204_3.png,https://raw.githubusercontent.com/tlobnow/gap/main/results/primerDesign/figures/visAlign/CTYZ_00002204_3.png,https://raw.githubusercontent.com/tlobnow/gap/main/results/primerDesign/figures/CTYZ_00002204_3.png,T,329,1018656,1018984,0.87,0.92,0.05
7,CTYZ_00002553,3,1,ACCAAGACAATCTAATCTCAAAG,GTGTTTCCAAATTACATGGCT,https://raw.githubusercontent.com/tlobnow/gap/main/results/primerDesign/figures/visAlignTPH/TPH_%20CTYZ_00002553_7.png,https://raw.githubusercontent.com/tlobnow/gap/main/results/primerDesign/figures/visAlign/CTYZ_00002553_7.png,https://raw.githubusercontent.com/tlobnow/gap/main/results/primerDesign/figures/CTYZ_00002553_7.png,T,284,621598,621881,0.75,0.82,0.07
8,CTYZ_00003061,3,3,GCTTCCATTTGCGGTCT,CGACTTGTACTCATATTAATCAAGG,https://raw.githubusercontent.com/tlobnow/gap/main/results/primerDesign/figures/visAlignTPH/TPH_CTYZ_00003061_8.png,https://raw.githubusercontent.com/tlobnow/gap/main/results/primerDesign/figures/visAlign/CTYZ_00003061_8.png,https://raw.githubusercontent.com/tlobnow/gap/main/results/primerDesign/figures/CTYZ_00003061_8.png,T,290,829102,828813,0.82,0.91,0.09
10,CTYZ_00000245,2,1,TCATATTGGACATTATTCTGGTATT,CCATTGAAGTAATAAAAGGAATTGTA,https://raw.githubusercontent.com/tlobnow/gap/main/results/primerDesign/figures/visAlignTPH/TPH_%20CTYZ_00000245_4.png,https://raw.githubusercontent.com/tlobnow/gap/main/results/primerDesign/figures/visAlign/CTYZ_00000245_10.png,https://raw.githubusercontent.com/tlobnow/gap/main/results/primerDesign/figures/CTYZ_00000245_10.png,T,311,581539,581229,0.9,0.88,0.02
6,CTYZ_00001679,2,0,GACTCATTAATACTCGTCAATTCT,AGATAACTTTTGTAAACCAAACCA,https://raw.githubusercontent.com/tlobnow/gap/main/results/primerDesign/figures/visAlignTPH/TPH_CTYZ_00001679_6.png,https://raw.githubusercontent.com/tlobnow/gap/main/results/primerDesign/figures/visAlign/CTYZ_00001679_6.png,https://raw.githubusercontent.com/tlobnow/gap/main/results/primerDesign/figures/CTYZ_00001679_6.png,T,262,1115804,1116065,0.85,0.82,0.03
3,CTYZ_00002714,2,2,AAGAGGTACAAAATGTTTCCG,TTCAAGAATTGATGCTTCGTATA,https://raw.githubusercontent.com/tlobnow/gap/main/results/primerDesign/figures/visAlignTPH/TPH_CTYZ_00002714_3.png,https://raw.githubusercontent.com/tlobnow/gap/main/results/primerDesign/figures/visAlign/CTYZ_00002714_3.png,https://raw.githubusercontent.com/tlobnow/gap/main/results/primerDesign/figures/CTYZ_00002714_3.png,T,314,21887,22200,0.85,0.82,0.03
4,CTYZ_00002872,2,0,AGAGAAGATCATGAAGAAAATGTC,CGAGGTACTCAGCCAGTT,https://raw.githubusercontent.com/tlobnow/gap/main/results/primerDesign/figures/visAlignTPH/TPH_CTYZ_00002872_4.png,https://raw.githubusercontent.com/tlobnow/gap/main/results/primerDesign/figures/visAlign/CTYZ_00002872_4.png,https://raw.githubusercontent.com/tlobnow/gap/main/results/primerDesign/figures/CTYZ_00002872_4.png,T,337,422544,422208,0.88,0.88,0
8,CTYZ_00001018,1,0,GGGTTTATCAAAGTTGTTTTCAAT,TGACGAGTCTTTTAGAACTGA,https://raw.githubusercontent.com/tlobnow/gap/main/results/primerDesign/figures/visAlignTPH/TPH_%20CTYZ_00001018_8.png,https://raw.githubusercontent.com/tlobnow/gap/main/results/primerDesign/figures/visAlign/CTYZ_00001018_8.png,https://raw.githubusercontent.com/tlobnow/gap/main/results/primerDesign/figures/CTYZ_00001018_8.png,T,346,919241,918896,0.79,0.81,0.02
8,CTYZ_00001108,1,1,CCTATTCAAATGATCCAGCCT,TGTCAAAATATGATCCTCGGA,https://raw.githubusercontent.com/tlobnow/gap/main/results/primerDesign/figures/visAlignTPH/TPH_%20CTYZ_00001108_8.png,https://raw.githubusercontent.com/tlobnow/gap/main/results/primerDesign/figures/visAlign/CTYZ_00001108_8.png,https://raw.githubusercontent.com/tlobnow/gap/main/results/primerDesign/figures/CTYZ_00001108_8.png,T,263,1102810,1102548,0.9,0.83,0.07
9,CTYZ_00001596,1,1,TCTTTCAAATAAATCAGCAGGA,CGTGCTGTAGGACCTTTC,https://raw.githubusercontent.com/tlobnow/gap/main/results/primerDesign/figures/visAlignTPH/TPH_CTYZ_00001596_9.png,https://raw.githubusercontent.com/tlobnow/gap/main/results/primerDesign/figures/visAlign/CTYZ_00001596_9.png,https://raw.githubusercontent.com/tlobnow/gap/main/results/primerDesign/figures/CTYZ_00001596_9.png,T,290,909871,910160,0.82,0.89,0.07
4,CTYZ_00002382,1,1,AACTCTCAGAAATGTCCAGA,TTCCTACGATATTCTTCCTCTT,https://raw.githubusercontent.com/tlobnow/gap/main/results/primerDesign/figures/visAlignTPH/TPH_CTYZ_00002382_4.png,https://raw.githubusercontent.com/tlobnow/gap/main/results/primerDesign/figures/visAlign/CTYZ_00002382_4.png,https://raw.githubusercontent.com/tlobnow/gap/main/results/primerDesign/figures/CTYZ_00002382_4.png,T,287,304360,304646,0.82,0.81,0.01
9,CTYZ_00002912,1,0,AGAAATTATTATCAAGGGAAATCTCA,TGATTAAAAGAGTCAAGATAGCTG,https://raw.githubusercontent.com/tlobnow/gap/main/results/primerDesign/figures/visAlignTPH/TPH_CTYZ_00002912_9.png,https://raw.githubusercontent.com/tlobnow/gap/main/results/primerDesign/figures/visAlign/CTYZ_00002912_9.png,https://raw.githubusercontent.com/tlobnow/gap/main/results/primerDesign/figures/CTYZ_00002912_9.png,T,291,509960,510250,0.8,0.81,0.01
3,CTYZ_00003311,1,0,TTGCTGAGAGAACTTTGGTA,CTCTGATATTACGTTCAAACCTT,https://raw.githubusercontent.com/tlobnow/gap/main/results/primerDesign/figures/visAlignTPH/TPH_CTYZ_00003311_3.png,https://raw.githubusercontent.com/tlobnow/gap/main/results/primerDesign/figures/visAlign/CTYZ_00003311_3.png,https://raw.githubusercontent.com/tlobnow/gap/main/results/primerDesign/figures/CTYZ_00003311_3.png,T,251,339081,338831,0.88,0.88,0