"pair","forward_primer","reverse_primer","GeneID","Fwd_Eff","Rev_Eff","deltaEff","QualEff"
2,"AGTTTATTAAACAAGATCCTGCTA","TTACATCTACTATCTTTTCGTTAGAA","CTYZ_00000997",0.85,0.79,0.06,TRUE
2,"AGTTTATTAAACAAGATCCTGCTA","TTACATCTACTATCTTTTCGTTAGAA","CTYZ_00000997",0.85,0.79,0.06,TRUE
4,"AGTTTATTAAACAAGATCCTGCTA","ATATCCACCACTCTTCATACTT","CTYZ_00000997",0.85,0.91,0.06,TRUE
4,"AGTTTATTAAACAAGATCCTGCTA","ATATCCACCACTCTTCATACTT","CTYZ_00000997",0.85,0.91,0.06,TRUE
5,"AGTTTATTAAACAAGATCCTGCTA","ATCCGATGATTTGGGGATT","CTYZ_00000997",0.85,0.82,0.03,TRUE
5,"AGTTTATTAAACAAGATCCTGCTA","ATCCGATGATTTGGGGATT","CTYZ_00000997",0.85,0.82,0.03,TRUE
6,"AGTTTATTAAACAAGATCCTGCTA","GTTAGAAGAACAACGCGTATA","CTYZ_00000997",0.85,0.82,0.03,TRUE
6,"AGTTTATTAAACAAGATCCTGCTA","GTTAGAAGAACAACGCGTATA","CTYZ_00000997",0.85,0.82,0.03,TRUE
7,"AGTTTATTAAACAAGATCCTGCTA","CCACCACTCTTCATACTTTGT","CTYZ_00000997",0.85,0.87,0.02,TRUE
7,"AGTTTATTAAACAAGATCCTGCTA","CCACCACTCTTCATACTTTGT","CTYZ_00000997",0.85,0.87,0.02,TRUE
8,"AGTTTATTAAACAAGATCCTGCTA","ACATCTACTATCTTTTCGTTAGAAG","CTYZ_00000997",0.85,0.79,0.06,TRUE
8,"AGTTTATTAAACAAGATCCTGCTA","ACATCTACTATCTTTTCGTTAGAAG","CTYZ_00000997",0.85,0.79,0.06,TRUE
10,"AGTTTATTAAACAAGATCCTGCTA","TCTTTACATCTACTATCTTTTCGTT","CTYZ_00000997",0.85,0.88,0.03,TRUE
10,"AGTTTATTAAACAAGATCCTGCTA","TCTTTACATCTACTATCTTTTCGTT","CTYZ_00000997",0.85,0.88,0.03,TRUE
